id,first_name,last_name,time_zone,dept
1,Baron,Claughton,Asia/Dhaka,Research and Development
2,Zaneta,Diperaus,Asia/Chongqing,Sales
3,Bernardo,Mearns,Europe/Moscow,Product Management
4,Damien,Birkmyr,Asia/Chongqing,Training
5,Arvin,Holdey,Europe/Sarajevo,Support
6,Vincents,Orts,Africa/Dar_es_Salaam,Support
7,Arlen,Shawcroft,Asia/Shanghai,Business Development
8,Blaine,Laven,Asia/Shanghai,Research and Development
9,Kessiah,Ashborn,Asia/Jakarta,Training
10,Brandice,Fernandes,Asia/Makassar,Business Development
11,Phyllida,Kemitt,Asia/Hebron,Marketing
12,Sissy,Lukasen,Asia/Yekaterinburg,Training
13,Sergio,Dike,America/Guatemala,Research and Development
14,Alphonso,Pymer,Europe/Warsaw,Legal
15,Rurik,Treffry,Asia/Ulaanbaatar,Product Management
16,Jecho,Simpkin,Asia/Makassar,Accounting
17,Mada,Camellini,Asia/Chongqing,Sales
18,Buddy,Bowskill,Asia/Shanghai,Sales
19,Ryon,Philpault,Asia/Chongqing,Research and Development
20,Rani,Letten,Asia/Kuching,Research and Development
21,Petronille,Varty,Asia/Shanghai,Business Development
22,Marsiella,Wilkie,Europe/Zagreb,Training
23,Murial,Hutson,Australia/Hobart,Sales
24,Troy,Hinemoor,America/Jamaica,Support
25,Cornell,Sillito,Asia/Shanghai,Human Resources
26,Justin,Hancorn,Europe/Uzhgorod,Sales
27,Izaak,Kasparski,America/La_Paz,Business Development
28,Dedra,Thorold,Asia/Shanghai,Training
29,Rand,Leonarde,Asia/Colombo,Training
30,Adriana,Luton,Asia/Almaty,Marketing
31,Trip,Roth,Asia/Manila,Sales
32,Torie,Hornung,Asia/Chongqing,Training
33,Vinita,Dukelow,Europe/Paris,Product Management
34,Harriott,Vasovic,Europe/Stockholm,Engineering
35,Jill,Rodger,Europe/Moscow,Product Management
36,Amaleta,Trayling,Asia/Manila,Legal
37,Carly,Fullom,Asia/Chongqing,Human Resources
38,Frants,Rebillard,America/Detroit,Legal
39,Lonna,Acarson,America/Toronto,Accounting
40,Hollis,Haliburton,America/Santo_Domingo,Accounting
41,Belva,Cushelly,Europe/Ljubljana,Marketing
42,Yorker,Faivre,Europe/Moscow,Human Resources
43,Cesare,Cronkshaw,Europe/Lisbon,Services
44,Adrian,McGaughie,Europe/Stockholm,Support
45,Nerte,Hurndall,Europe/Skopje,Marketing
46,Gerardo,Huntriss,Asia/Chongqing,Training
47,Alasteir,Pierpoint,Europe/Istanbul,Research and Development
48,Darb,Ridesdale,America/Bogota,Research and Development
49,Georgie,Waples,Asia/Chongqing,Research and Development
50,Enrique,Waggett,Europe/Minsk,Accounting
51,Gilles,Goodier,Asia/Makassar,Legal
52,Ward,McGaugey,Europe/Copenhagen,Legal
53,Palm,Helversen,Europe/Malta,Accounting
54,Mariele,Durbin,Asia/Yerevan,Support
55,Em,Marquot,America/Panama,Sales
56,Grayce,Rewan,Asia/Manila,Product Management
57,Lynnea,Carayol,Europe/Sofia,Engineering
58,Tove,Grishin,Indian/Mauritius,Legal
59,Siouxie,Hoggan,Asia/Shanghai,Training
60,Brianna,Voaden,America/Mexico_City,Product Management
61,Juan,Scini,Europe/Madrid,Business Development
62,Denna,Evett,Asia/Jakarta,Accounting
63,Cole,Salisbury,America/Lima,Support
64,Raul,Turbayne,Africa/Tripoli,Training
65,Jillie,Jewks,Asia/Tokyo,Training
66,Addison,Walmsley,Asia/Chongqing,Support
67,Karen,Coltan,Asia/Jakarta,Training
68,Borden,Kibbye,Europe/Warsaw,Human Resources
69,Maureen,Yon,America/Mexico_City,Research and Development
70,Valentino,O'Keeffe,Europe/Moscow,Training
71,Tove,Simenet,Africa/Nairobi,Services
72,Shaughn,Timson,Asia/Manila,Research and Development
73,Vinny,Haylands,Asia/Manila,Accounting
74,Sindee,Ramble,Asia/Urumqi,Sales
75,Quillan,Macquire,Asia/Shanghai,Engineering
76,Nikolas,Jellings,Asia/Manila,Human Resources
77,Rock,Rudge,Asia/Yakutsk,Engineering
78,Melantha,Tesoe,Europe/Stockholm,Services
79,Petronella,Oughtright,Asia/Manila,Research and Development
80,Menard,Donisi,Europe/Moscow,Sales
81,Ferdy,Scocroft,Asia/Jerusalem,Business Development
82,Ilise,Tal,Africa/Accra,Legal
83,Angie,Shillaber,Asia/Chongqing,Sales
84,Jenni,Cornilli,Europe/Warsaw,Human Resources
85,Janela,Bollans,Asia/Manila,Marketing
86,Con,Tothacot,Asia/Jakarta,Marketing
87,Niccolo,Dorn,Asia/Shanghai,Product Management
88,Felicdad,Scalera,Pacific/Port_Moresby,Product Management
89,Arnold,Brobak,Asia/Pontianak,Human Resources
90,Sheri,Tibbotts,Asia/Manila,Legal
91,Tammie,Peplow,Asia/Jakarta,Human Resources
92,Alameda,Ferdinand,America/Mexico_City,Services
93,Nolana,Bettenson,Asia/Aden,Business Development
94,Willdon,Romand,Europe/Tirane,Business Development
95,Penni,Jonas,America/Lima,Research and Development
96,Olwen,MacCosty,Europe/Lisbon,Research and Development
97,Joshia,Widdup,Asia/Bangkok,Training
98,Ricca,Keers,Africa/Johannesburg,Accounting
99,Melantha,Yosevitz,Asia/Harbin,Training
